Country Name,Country Code,Region,Adolescent fertility rate ,Adolescents out of school,"Children out of school, primary",Cost of business start-up procedures,Employment in agriculture ,Employment in industry,Employment in services,Firms with female participation in ownership,Labor force participation rate,Labor force with advanced education,Labor force,Life expectancy at birth,"Literacy rate, adult",Literacy rate youth ,"Population, female ",Prevalence of HIV ,Primary completion rate,Proportion of seats held by women in national parliaments,Self-employed,Start-up procedures to register a business,Time required to start a business,"Unemployment, female",Vulnerable employment,Wage and salaried workers
Aruba,ABW,Latin America & Caribbean,19.6732,5.755290031,705753,30.56060606,7.05149041,11.69852713,81.25180807,41.97058824,52.53513418,75.91955584,41.98765796,78.641,93.89594269,98.78559113,52.55103001,NA,98.29325867,31.66977612,36.53234168,8.043636364,28.0919697,9.543110613,33.80452671,63.4685266
Afghanistan,AFG,South Asia,61.325,15.38963985,7920938,6.8,64.95999908,25.02000046,10.02000046,NA,21.76,30.56999969,21.60739534,66.388,64.64469147,88.12921906,48.66239485,0.1,65.76151276,27.86885246,91.80000305,5,9,13.81,89.47000122,8.210000038
Angola,AGO,Sub-Saharan Africa,145.39,37.68870926,19807892,11.1,56.77999878,0.920000017,42.29999924,55.95,76.11,NA,50.27027561,64.039,58.8786087,73.63633728,50.52747501,1,68.23358154,30,87.31999969,8,36,7.22,84.68000317,12.68000031
Albania,ALB,Europe & Central Asia,19.5028,1.333089948,513874,10.8,41.63000107,16.30999947,42.06000137,20.7,52.47,51.45000076,43.04428204,80.201,97.94228363,99.67472076,49.08610569,0.1,104.5204315,29.50819672,52.13000107,5,4.5,11.31,51.05000114,47.86999893
Andorra,AND,Europe & Central Asia,16.18400554,2.139679909,513874,3.312,6.861719945,13.2434062,79.89597166,37.8,50.57350475,72.68085298,45.297962,81.22851322,97.94228363,99.67472076,51.51342425,NA,98.70014191,46.42857143,13.9490668,5.26,11.762,6.77215351,12.03216161,86.05187916
United Arab Emirates,ARE,Middle East & North Africa,5.2276,12.42323971,1534877,17.2,0.01,5.420000076,94.56999969,NA,52.05,NA,17.47973737,79.314,96.86031342,99.08705902,30.74266421,0.1,112.5617981,50,5.619999886,3,4.5,6.33,3.990000039,94.37999725
Argentina,ARG,Latin America & Caribbean,62.3488,1.253700018,705753,5,0.029999999,9.199999809,90.76999664,41.97058824,51.34,76.26000214,43.2696281,79.995,93.89594269,98.78559113,51.2258022,0.1,98.17658234,40.15748031,23.39999962,12,11.5,10.7,21.01000053,76.59999847
Armenia,ARM,Europe & Central Asia,20.282,9.323829651,6952,0.8,26.88999939,11.39999962,61.70999908,37.8,42.91,69.87999725,44.22542524,78.516,97.94228363,99.67472076,52.96156374,0.1,92.99519348,23.48484848,29.52000046,3,4,20.27,29.20000005,70.48000336
American Samoa,ASM,East Asia & Pacific,20.63766918,8.193099976,3203703,15.76551724,22.06199784,20.43466903,57.4970551,NA,58.83829784,NA,43.34677843,78.88453583,94.17939758,98.71144867,49.32095673,NA,98.52411652,20.50381494,45.15214845,6.233448276,22.89103448,3.433555797,43.85652136,54.8478527
Antigua and Barbuda,ATG,Latin America & Caribbean,40.88,3.276279926,705753,8,7.05149041,11.69852713,81.25180807,41.97058824,52.53513418,75.91955584,41.98765796,78.104,93.89594269,98.78559113,51.75719508,NA,98.29325867,11.11111111,36.53234168,9,19,9.543110613,33.80452671,63.4685266
Australia,AUS,East Asia & Pacific,10.9366,2.19272995,7676,0.7,1.710000038,7.449999809,90.83000183,NA,60.82,NA,46.64160509,85,94.17939758,98.71144867,50.19953419,0.1,98.52411652,30.46357616,12.32999992,3,2,5.11,8.189999774,87.66999817
Austria,AUT,Europe & Central Asia,6.7488,0.451819986,513874,4.7,3.180000067,11.76000023,85.05000305,37.8,55.16,76.68000031,46.41774528,84.2,97.94228363,99.67472076,50.76128618,NA,99.65705872,39.3442623,9.470000267,8,21,4.35,6.929999948,90.52999878
Azerbaijan,AZE,Europe & Central Asia,57.1572,0.298020005,21341,1.2,41.79999924,5.909999847,52.29000092,15.3,63.25,72.68085298,48.63162845,75.455,99.72675323,99.90618896,50.07987385,0.1,100.3731613,16.80672269,72.77999878,3,3.5,5.73,62.29999924,27.21999931
Burundi,BDI,Sub-Saharan Africa,53.9132,31.16090012,55313,12.3,93.66000366,0.910000026,5.429999828,55.95,80.5,NA,51.85764498,63.377,58.8786087,73.63633728,50.40154539,0.6,64.48310852,36.36363636,90.43000031,4,5,0.98,89.7899971,9.569999695
Belgium,BEL,Europe & Central Asia,4.4898,0.169310004,1819,5.3,0.629999995,8.409999847,90.97000122,37.8,48.95,74.27999878,46.22560964,84,97.94228363,99.67472076,50.50422356,NA,98.70014191,42,10.69999981,5,5,4.93,8.629999757,89.30000305
Benin,BEN,Sub-Saharan Africa,81.9768,37.68870926,88277,3.5,29.76000023,16.15999985,54.08000183,55.95,68.75,NA,49.22673988,63.324,58.8786087,73.63633728,50.07897111,0.5,61.15882111,7.228915663,93.84999847,6,9,2.48,93.12000275,6.150000095
Burkina Faso,BFA,Sub-Saharan Africa,99.8026,43.99021912,377174,42.8,21.40999985,25.15999985,53.43000031,55.95,58.49,NA,44.73088218,62.294,58.8786087,73.63633728,50.06356605,0.5,68.26204681,13.38582677,88.69000244,3,13,4.54,88.37999725,11.31000042
Bangladesh,BGD,South Asia,81.6636,15.38963985,7920938,8.7,57.56999969,17.65999985,24.77000046,NA,36.37,30.56999969,30.51465146,74.595,71.94838715,96.08776093,49.41691088,NA,91.14962006,20.63037249,66.01000214,9,19.5,6.55,65.38000107,33.99000168
Bulgaria,BGR,Europe & Central Asia,38.7932,15.18406963,21250,1,4.300000191,22.22999954,73.48000336,41.7,50.41,73.58999634,46.11451216,78.5,97.94228363,99.67472076,51.42861184,NA,84.49420929,25.83333333,8.079999924,7,23,3.87,5.960000157,91.91999817
Bahrain,BHR,Middle East & North Africa,13.11,0.127920002,1654,1,0.039999999,8.569999695,91.38999939,NA,45.31,NA,20.14829967,78.423,72.77185059,87.97827148,35.72872668,0.101104596,97.32035065,15,3.029999971,7,9,4.76,0.789999992,96.98000336
"Bahamas, The",BHS,Latin America & Caribbean,28.4498,5.755290031,705753,11,0.340000004,2.910000086,96.75,41.97058824,70.07,75.91955584,48.21617664,76.081,93.89594269,98.78559113,51.41545524,0.4,98.29325867,12.82051282,6.789999962,7,11.5,10.12,4.210000038,93.20999908
Bosnia and Herzegovina,BIH,Europe & Central Asia,8.656,2.139679909,513874,13.7,20.46999931,16.85000038,62.68000031,24.9,37.44,77.16000366,40.57771006,79.857,97.94228363,99.67472076,51.02090338,NA,98.70014191,21.42857143,25.98999977,13,80,18.73,21.96000004,74.01999664
Belarus,BLR,Europe & Central Asia,12.9962,2.139679909,513874,0.5,7.510000229,18.75,73.73999786,37.8,57.64,72.68085298,48.95017732,79.4,99.87651062,99.89983368,53.45194014,0.1,98.70014191,40,2.75999999,4,8.5,3.5,2.119999913,97.23999786
Belize,BLZ,Latin America & Caribbean,67.611,10.81451988,705753,34.3,4.690000057,9.260000229,86.05000305,41.97058824,49.97,75.91955584,38.79412931,77.843,93.89594269,98.78559113,50.22915274,0.3,103.0827484,9.375,33.47000122,9,48,9.66,31.36000061,66.54000092
Bermuda,BMU,North America,16.42494994,0.398620009,105462,0.65,0.786610665,8.812343481,90.39993938,0,57.22051226,69.6773465,46.28238284,85.79,NA,NA,50.50420994,0.1,102.8770599,25.87776333,5.841730449,4,2.85,3.794631701,4.121961543,94.15826817
Bolivia,BOL,Latin America & Caribbean,62.9084,5.755290031,36817,37.3,30.30999947,10.23999977,59.45000076,41.97058824,63.7,76.04000092,44.34343505,74.508,93.89594269,98.78559113,49.79970646,0.1,91.63172913,53.07692308,71.40000153,12,39.5,3.54,68.85000229,28.60000038
Brazil,BRA,Latin America & Caribbean,56.6606,1.21044004,705753,4.2,4.019999981,10.56999969,85.41000366,41.97058824,55.09,77.43000031,43.89710831,79.555,93.89594269,98.78559113,50.84890006,NA,98.29325867,15.00974659,27.45999908,10.61,16.62,14.14,24.08000088,72.54000092
Barbados,BRB,Latin America & Caribbean,28.7104,3.051729918,705753,7.3,1.580000043,9.010000229,89.41000366,41.97058824,61.76,81.45999908,49.32461986,80.482,93.89594269,98.78559113,51.63663983,NA,91.58016205,20,12.31000042,7,16,10.35,11.71999958,87.69000244
Brunei Darussalam,BRN,East Asia & Pacific,9.1512,8.193099976,3203703,1.1,0.720000029,9.420000076,89.86000061,NA,56.09,78.69000244,41.56244528,77.106,94.17939758,98.71144867,48.07660352,NA,101.3495331,9.090909091,10.64999962,4,6,8.27,8.620000243,89.34999847
Bhutan,BTN,South Asia,17.606,15.38963985,7920938,3.7,64.01000214,9.569999695,26.43000031,NA,59.46,30.56999969,40.79374524,72.176,64.64469147,88.12921906,46.9223975,0.1,82.61395264,14.89361702,83.23999786,8,12,3.02,83.19999695,16.76000023
Botswana,BWA,Sub-Saharan Africa,44.655,37.68870926,19807892,0.6,15.27999973,9.239999771,75.48000336,55.95,65.33,74.08000183,48.85048022,72.386,58.8786087,73.63633728,51.63803667,9.3,68.23358154,10.76923077,25.44000053,9,48,20.51,23.63000011,74.55999756
Central African Republic,CAF,Sub-Saharan Africa,124.8532,37.68870926,19807892,127.8,72.61000061,4.570000172,22.81999969,55.95,64.47,NA,45.78679629,55.514,58.8786087,73.63633728,50.43447255,1.3,68.23358154,8.571428571,96.80000305,10,22,4.21,96.45999908,3.200000048
Canada,CAN,North America,7.6822,0.398620009,105462,0.3,1,8.350000381,90.63999939,0,61.13,72.09999847,47.2403161,84.2,NA,NA,50.37951633,0.1,102.8770599,28.99408284,11.94999981,2,1.5,5.25,9.34999954,88.05000305
Switzerland,CHE,Europe & Central Asia,2.5246,1.049610019,513874,2.3,1.980000019,10.13000011,87.88999939,37.8,62.9,80.62999725,46.85147884,85.6,97.94228363,99.67472076,50.40761295,0.1,97.30728149,41.5,12.47000027,6,10,4.71,9.409999847,87.52999878
Channel Islands,CHI,Europe & Central Asia,6.4132,2.139679909,513874,3.312,1.610000014,11.46000004,86.93000031,37.8,51.71,72.68085298,44.74110127,84.915,97.94228363,99.67472076,50.50968281,NA,98.70014191,29.45594431,14.65999985,5.26,11.762,7.3,10.1900003,85.33999634
Chile,CHL,Latin America & Caribbean,39.2248,4.396240234,6549,2.7,4.739999771,10.15999985,85.09999847,41.97058824,51.8,78.69000244,42.44293562,82.442,93.89594269,98.78559113,50.7083329,0.1,97.69400024,22.58064516,25.78000069,6,4,8.01,23.30999947,74.22000122
China,CHN,East Asia & Pacific,7.651,8.193099976,3203703,1.1,22.01000023,23.05999947,54.91999817,NA,60.57,NA,43.63435528,79.244,94.17939758,98.71144867,48.69349797,NA,98.52411652,24.94117647,45.84999847,4.55,8.55,3.98,44.76000023,54.15000153
Cote d'Ivoire,CIV,Sub-Saharan Africa,114.6898,48.16720963,166688,2.7,31.04000092,10.47000027,58.49000168,55.95,44.58,NA,41.0169743,59.119,86.74124908,76.41313934,49.54920477,1,75.1386795,10.98039216,81.08000183,4,6,3.76,80.35000229,18.92000008
Cameroon,CMR,Sub-Saharan Africa,101.1876,37.68870926,262532,24.9,47.70000076,10.97999954,41.31999969,55.95,71.3,NA,47.13024295,60.561,58.8786087,73.63633728,49.99329698,1.5,62.36500168,31.11111111,83.16999817,6,14,3.78,80.82999802,16.82999992
"Congo, Dem. Rep.",COD,Sub-Saharan Africa,120.9912,37.68870926,19807892,16.3,71.51000214,3.480000019,25.01000023,55.95,60.99,NA,48.46511098,62.233,58.8786087,73.63633728,50.08777567,0.5,68.23358154,10,89.45999908,4,7,3.24,88.25,10.53999996
"Congo, Rep.",COG,Sub-Saharan Africa,109.6422,37.68870926,19807892,62.2,32.04000092,22.22999954,45.72999954,55.95,67.57,NA,49.08737973,66.023,58.8786087,73.63633728,50.05378678,2.6,68.23358154,11.25827815,91.19999695,11,50,10.24,90.700001,8.800000191
Colombia,COL,Latin America & Caribbean,64.313,2.739919901,5760,14.1,6.599999905,14.39999962,79.01000214,41.97058824,56.19,73.41000366,42.67743519,80.019,95.46903229,99.15569305,50.90690018,0.1,106.4235764,18.71345029,48.47000122,7,10,12.76,46.07999945,51.52999878
Comoros,COM,Sub-Saharan Africa,62.7702,37.68870926,19807892,54.2,31.56999969,16.38999939,52.04999924,55.95,34.42,NA,37.68048796,66.121,58.8786087,73.63633728,49.55758141,0.1,68.23358154,6.060606061,68.83999634,9,16,10.02,68.28999996,31.15999985
Cabo Verde,CPV,Sub-Saharan Africa,71.6302,13.23869038,2522,13,5.46999979,11.40999985,83.12000275,55.95,53.43,68.01999664,44.21229304,76.197,58.8786087,73.63633728,49.80579558,0.1,98.03765869,23.61111111,34.50999832,9,9,11.46,31.95999956,65.48999786
Costa Rica,CRI,Latin America & Caribbean,51.5772,1.235839963,705753,9.6,4.050000191,10.02999973,85.91999817,41.97058824,51.9,74.76000214,40.52629263,82.893,93.89594269,98.78559113,50.02459604,0.1,102.4376221,45.61403509,23.62000084,10,23,14.96,21.54999948,76.37999725
Caribbean small states,CSS,0,48.94137115,11.20067978,#N/A,18.08461538,5.313293792,7.693299261,86.99345247,46.60833333,55.05533257,#N/A,44.08870829,76.03260466,#N/A,#N/A,50.39064846,0.264674663,#N/A,22.5950783,25.13054996,6.615384615,19.65384615,9.705219789,22.67023426,74.86991173
Cuba,CUB,Latin America & Caribbean,51.4392,10.23097992,3304,30.56060606,7.269999981,10.42000008,82.30999756,41.97058824,41.03,75.91955584,38.84769734,80.779,93.89594269,98.78559113,50.34247192,0.1,87.06481934,53.2231405,12.60000038,8.043636364,28.0919697,1.8,10.04999989,87.41000366
Curacao,CUW,Latin America & Caribbean,27.2864,5.755290031,705753,30.56060606,7.05149041,11.69852713,81.25180807,41.97058824,52.53513418,75.91955584,41.98765796,78.76034912,93.89594269,98.78559113,54.05542671,NA,98.29325867,31.66977612,36.53234168,8.043636364,28.0919697,9.543110613,33.80452671,63.4685266
Cayman Islands,CYM,Latin America & Caribbean,61.17733016,22.39315987,705753,30.56060606,7.05149041,11.69852713,81.25180807,41.97058824,52.53513418,75.91955584,41.98765796,78.76034912,93.89594269,98.78559113,50.80860219,NA,98.29325867,31.66977612,36.53234168,8.043636364,28.0919697,9.543110613,33.80452671,63.4685266
Cyprus,CYP,Europe & Central Asia,4.3352,2.139679909,513874,5.6,1.279999971,7.070000172,91.63999939,45.1,58.13,80.86000061,45.84621812,83.032,97.94228363,99.67472076,49.99916568,NA,102.1251984,17.85714286,10.5,5,6,8.01,9.360000372,89.5
Czech Republic,CZE,Europe & Central Asia,11.8908,0.473369986,1393,1.1,1.74000001,23.63999939,74.62000275,29.9,52.81,71.12000275,44.6783986,82.1,97.94228363,99.67472076,50.78563782,NA,102.3679886,22.5,12.32999992,9,24.5,2.38,10.53000033,87.66999817
Germany,DEU,Europe & Central Asia,7.6186,3.156160116,4294,6.5,0.829999983,13.89999962,85.26999664,37.8,55.64,74.13999939,46.29436164,83.4,97.94228363,99.67472076,50.60994494,0.1,99.84404755,30.88857546,6.980000019,9,8,2.73,4.669999987,93.01999664
Djibouti,DJI,Middle East & North Africa,18.0458,12.42323971,13985,39.7,22.13999939,6.800000191,71.05999756,NA,50.74,NA,39.88378376,69.357,72.77185059,87.97827148,47.41478927,0.5,67.83109283,26.15384615,41.88999939,6,14,11.26,41.36999822,58.11000061
Dominica,DMA,Latin America & Caribbean,61.17733016,5.755290031,98,15.2,7.05149041,11.69852713,81.25180807,41.97058824,52.53513418,75.91955584,41.98765796,78.76034912,93.89594269,98.78559113,50.80860219,NA,98.29325867,25,36.53234168,5,12,9.543110613,33.80452671,63.4685266
Denmark,DNK,Europe & Central Asia,4.215,2.139679909,961,0.2,1.110000014,8.789999962,90.09999847,37.8,57.88,74.76999664,47.07847868,83.2,97.94228363,99.67472076,50.2818234,0.1,101.5987396,39.10614525,5.380000114,5,3.5,5.27,3.680000037,94.62000275
Dominican Republic,DOM,Latin America & Caribbean,91.8084,5.782080173,20009,13.7,1.389999986,9.279999733,89.33000183,41.97058824,54.27,82.31999969,40.86491458,77.381,93.89594269,98.78559113,50.03054766,0.2,92.71904755,26.84210526,29.39999962,7,16.5,9.6,27.53999925,70.59999847
Algeria,DZA,Middle East & North Africa,9.5966,12.42323971,1534877,11.3,3.380000114,23.47999954,73.12999725,NA,17.01,NA,19.88242407,78.133,72.77185059,87.97827148,49.48171156,0.1,101.5825729,25.75757576,25.47999954,12,18,20.44,23.45999956,74.51999664
Ecuador,ECU,Latin America & Caribbean,78.2642,2.066610098,705753,33,27.13999939,9.81000042,63.04999924,41.97058824,55.17,74.58999634,40.98590161,79.838,93.89594269,98.78559113,49.97894226,0.1,101.9289627,37.95620438,60.11999893,11,48.5,4.6,58.34999847,39.88000107
"Egypt, Arab Rep.",EGY,Middle East & North Africa,52.353,1.603029966,1534877,20.3,21.20999908,8.010000229,70.77999878,NA,18.46,NA,20.57403047,74.35,72.77185059,87.97827148,49.47348229,0.1,105.4345779,14.93288591,31.37000084,6,13,21.33,27.72999954,68.62999725
Eritrea,ERI,Sub-Saharan Africa,48.8526,37.68870926,19807892,21.3,68.34999847,4.5,27.14999962,55.95,71.78,NA,45.97630443,68.555,58.8786087,73.63633728,50.10245282,0.2,68.23358154,22,86.19999695,13,84,6.46,84.99999809,13.80000019
Spain,ESP,Europe & Central Asia,7.2558,2.139679909,37080,3.9,2.039999962,9.420000076,88.55000305,37.8,52.16,79.30999756,46.37360946,86.2,97.94228363,99.67472076,50.87242421,0.1,98.09333801,44,11.69999981,7,12.5,16.01,8.519999921,88.30000305
Estonia,EST,Europe & Central Asia,6.4996,1.044330001,936,1,1.50999999,17.04999924,81.44000244,35.5,57.45,78.72000122,48.45964561,82.8,97.94228363,99.67472076,52.73062477,0.1,96.62647247,29.7029703,7.050000191,3,3.5,4.85,4.939999789,92.94999695
Ethiopia,ETH,Sub-Saharan Africa,63.4226,37.68870926,19807892,45.4,58.70999908,9.100000381,32.18999863,55.95,73.31,NA,46.58673609,68.536,58.8786087,73.63633728,49.97355029,0.4,64.86579132,38.75685558,86.62000275,11,32,2.68,86.45000076,13.38000011
Finland,FIN,Europe & Central Asia,5.5046,2.139679909,2820,0.7,2.069999933,8.789999962,89.13999939,37.8,55.73,73.16999817,47.99949799,84.5,97.94228363,99.67472076,50.70260996,NA,100.9816208,47,9.659999847,3,13,6.17,7.679999948,90.33999634
Fiji,FJI,East Asia & Pacific,48.9282,8.193099976,3203703,14.5,8.210000038,7.510000229,84.29000092,NA,38.23,NA,32.91691519,69.331,94.17939758,98.71144867,49.32788737,0.1,106.5196304,19.60784314,48.68000031,11,40,5.33,47.80000114,51.31999969
France,FRA,Europe & Central Asia,4.7454,0.510749996,513874,0.7,1.49000001,9.539999962,88.97000122,37.8,50.65,75.52999878,48.08574936,85.6,97.94228363,99.67472076,51.59738338,NA,98.70014191,39.68804159,8.739999771,5,4,8.38,6.529999912,91.26999664
Faroe Islands,FRO,Europe & Central Asia,16.18400554,2.139679909,513874,3.312,6.861719945,13.2434062,79.89597166,37.8,50.57350475,72.68085298,45.297962,85,97.94228363,99.67472076,51.51342425,NA,98.70014191,29.45594431,13.9490668,5.26,11.762,6.77215351,12.03216161,86.05187916
"Micronesia, Fed. Sts.",FSM,East Asia & Pacific,12.5308,8.193099976,792,141.4,22.06199784,20.43466903,57.4970551,NA,58.83829784,NA,43.34677843,69.596,94.17939758,98.71144867,49.15517832,NA,87.66066742,0,45.15214845,7,16,3.433555797,43.85652136,54.8478527
Gabon,GAB,Sub-Saharan Africa,90.9018,28.64093018,19807892,13.3,45.75999832,2.720000029,51.52000046,55.95,43.29,NA,39.9528526,68.669,58.8786087,73.63633728,49.0838994,1.3,80.7114563,17.91044776,36.41999817,7,10,27.95,34.94999957,63.58000183
United Kingdom,GBR,Europe & Central Asia,11.912,2.139679909,30146,0,0.579999983,7.699999809,91.72000122,37.8,58.09,81.76999664,47.04181733,83.1,97.94228363,99.67472076,50.61253445,NA,101.4974365,32,11.14000034,4,4.5,3.53,9.869999796,88.86000061
Georgia,GEO,Europe & Central Asia,43.9616,2.139679909,513874,2.1,40.09000015,5.579999924,54.33000183,22.4,55.24,65.13999939,46.39278112,78.14,99.45179749,99.68219757,52.31782628,0.1,94.10443878,14.76510067,46.31999969,1,1,10.15,45.18000031,53.68000031
Ghana,GHA,Sub-Saharan Africa,64.9574,8.229229927,8783,12.3,22.10000038,23.11000061,54.79999924,55.95,63.86,NA,46.65673324,65.177,58.8786087,73.63633728,49.31896256,1.1,68.23358154,13.09090909,80.94999695,8,13,4.29,76.69000244,19.05999947
Gibraltar,GIB,Europe & Central Asia,16.18400554,5.847949982,513874,3.312,6.861719945,13.2434062,79.89597166,37.8,50.57350475,72.68085298,45.297962,81.22851322,97.94228363,99.67472076,51.51342425,NA,106.2222214,29.45594431,13.9490668,5.26,11.762,6.77215351,12.03216161,86.05187916
Guinea,GIN,Sub-Saharan Africa,131.436,37.68870926,19807892,33.8,61.79999924,1.980000019,36.22000122,55.95,62.72,NA,54.45590021,62.117,58.8786087,73.63633728,51.7190805,0.8,68.23358154,22.80701754,97.51000214,6,15,3.17,96.94000244,2.49000001
"Gambia, The",GMB,Sub-Saharan Africa,73.2266,13.0427103,18319,49.5,33.06999969,4.039999962,62.90000153,55.95,51.11,NA,44.0468061,63.481,58.8786087,73.63633728,50.40397053,0.5,84.03160095,10.34482759,82.48999786,6,8,12.04,81.25999928,17.51000023
Guinea-Bissau,GNB,Sub-Saharan Africa,101.6274,37.68870926,19807892,88.8,64.13999939,5.769999981,30.09000015,55.95,65.88,NA,47.7003148,60.213,58.8786087,73.63633728,51.12422869,1.2,68.23358154,13.7254902,81.30999756,9,9,2.79,80.31999779,18.69000053
Equatorial Guinea,GNQ,Sub-Saharan Africa,151.2828,37.68870926,19807892,59.1,42.5,11.64999962,45.84999847,55.95,54.8,NA,36.7188503,59.918,58.8786087,73.63633728,44.40759538,3.5,68.23358154,21,88.41000366,16,33,8.12,79.61000097,11.59000015
Greece,GRC,Europe & Central Asia,6.6522,3.729490042,1901,1.5,10.60000038,7.829999924,81.58000183,37.8,44.54,75.33999634,43.75330215,84.5,97.94228363,99.67472076,50.91857011,0.1,95.76154327,20.66666667,26.54000092,3,4,21.55,21.78000021,73.45999908
Grenada,GRD,Latin America & Caribbean,27.2106,5.755290031,705753,14.4,7.05149041,11.69852713,81.25180807,41.97058824,52.53513418,75.91955584,41.98765796,74.953,93.89594269,98.78559113,49.62054249,NA,98.29325867,46.66666667,36.53234168,6,12,9.543110613,33.80452671,63.4685266
Greenland,GRL,Europe & Central Asia,16.18400554,2.139679909,513874,3.312,6.861719945,13.2434062,79.89597166,37.8,50.57350475,72.68085298,45.297962,81.22851322,97.94228363,99.67472076,51.51342425,NA,98.70014191,29.45594431,13.9490668,5.26,11.762,6.77215351,12.03216161,86.05187916
Guatemala,GTM,Latin America & Caribbean,68.582,5.755290031,118734,17.3,9.779999733,17.06999969,73.15000153,41.97058824,40.55,75.91955584,33.45458891,77.151,93.89594269,98.78559113,50.74389659,0.1,79.33952332,19.375,48.95000076,6,15,3.42,46.64000034,51.04999924
Guam,GUM,East Asia & Pacific,29.5002,8.193099976,3203703,15.76551724,0.090000004,3.539999962,96.37000275,NA,52.35,NA,40.7112631,83.55,94.17939758,98.71144867,49.52807914,NA,98.52411652,20.50381494,10.57999992,6.233448276,22.89103448,4.97,9.160000384,89.41999817
Guyana,GUY,Latin America & Caribbean,71.3544,5.755290031,705753,9.4,7.880000114,10.94999981,81.18000031,41.97058824,42.84,75.91955584,39.18651307,73.095,93.89594269,98.78559113,49.75938169,0.3,98.29325867,31.88405797,33.79999924,7,18,16.46,30.53999949,66.19999695
"Hong Kong SAR, China",HKG,East Asia & Pacific,2.5874,8.193099976,3203703,0.5,0.109999999,3.430000067,96.45999908,NA,53.65,NA,49.26483911,88.1,94.17939758,98.71144867,54.0288485,NA,108.5681534,20.50381494,5.159999847,2,1.5,2.35,4.049999893,94.83999634
Honduras,HND,Latin America & Caribbean,70.7808,30.94997978,83414,28.1,8.270000458,19.04000092,72.69999695,41.97058824,52.26,81.75,38.30079665,77.551,88.73169708,97.28868103,50.04169354,0.1,81.74887848,21.09375,54.65999985,11,42,7.13,48.59000111,45.34000015
Croatia,HRV,Europe & Central Asia,7.8494,2.139679909,513874,6.2,4.429999828,16.15999985,79.41000366,31.7,45.37,74.05000305,46.16084137,81.6,97.94228363,99.67472076,51.81910559,0.1,94.94664001,20.52980132,9.18999958,7,19.5,7.16,6.109999895,90.80999756
Haiti,HTI,Latin America & Caribbean,50.2312,5.755290031,705753,179.7,13.10000038,2,84.90000153,41.97058824,63.69,75.91955584,48.03732906,66.182,93.89594269,98.78559113,50.65651231,1,98.29325867,2.542372881,81.59999847,12,97,16.25,81.27000046,18.39999962
Hungary,HUN,Europe & Central Asia,24.5722,3.197930098,10567,4.5,2.839999914,19.98999977,77.16999817,51.9,48.45,69.29000092,45.23059649,79.3,97.94228363,99.67472076,52.41711652,NA,95.81423187,12.56281407,8.350000381,6,7,3.5,5.400000095,91.65000153
Indonesia,IDN,East Asia & Pacific,46.4364,8.193099976,3203703,5.7,26.36000061,16.67000008,56.97000122,NA,53.81,78.65000153,39.52304428,73.967,94.17939758,98.71144867,49.64638319,0.1,98.52411652,17.39130435,58.95999908,11.22,12.64,3.35,57.07999992,41.04000092
Isle of Man,IMN,Europe & Central Asia,16.18400554,2.139679909,513874,3.312,6.861719945,13.2434062,79.89597166,37.8,50.57350475,72.68085298,45.297962,81.22851322,97.94228363,99.67472076,51.51342425,NA,98.70014191,29.45594431,13.9490668,5.26,11.762,6.77215351,12.03216161,86.05187916
India,IND,South Asia,10.9646,15.38963985,7920938,7.2,54.68999863,17.35000038,27.95999908,NA,20.79,30.56999969,20.31709151,70.95,64.64469147,88.12921906,48.0298343,NA,93.26248169,14.39114391,75.83999634,10,17.47,5.21,75.27999878,24.15999985
Ireland,IRL,Europe & Central Asia,6.5982,2.139679909,513874,0.1,1.210000038,8.840000153,89.95999908,37.8,56.29,77.41000366,45.80771339,84.3,97.94228363,99.67472076,50.38568372,0.1,102.4215469,22.15189873,7.730000019,3,11,4.69,5.620000184,92.26999664
"Iran, Islamic Rep.",IRN,Middle East & North Africa,40.7514,12.42323971,1534877,1.1,18.79000092,26.70000076,54.50999832,NA,17.61,NA,19.3964252,77.885,72.77185059,87.97827148,49.47783962,0.1,91.0609436,5.882352941,43.68000031,11,73,18.12,42.47999954,56.31999969
Iraq,IRQ,Middle East & North Africa,71.7502,12.42323971,1534877,34.2,15.05000019,16.18000031,68.76999664,NA,11.53,NA,13.38483962,72.652,72.77185059,87.97827148,49.39730152,0.101104596,91.0609436,25.22796353,3.680000067,9,27,30.59,3.5,96.31999969
Iceland,ISL,Europe & Central Asia,5.5442,2.139679909,513874,1.9,1.399999976,7.349999905,91.26000214,37.8,70.21,88.94999695,47.24847731,84.2,97.94228363,99.67472076,49.7901409,0.1,100.8659973,38.0952381,8.06000042,5,11.5,3.12,6.429999799,91.94000244
Israel,ISR,Middle East & North Africa,8.777,12.42323971,1534877,2.7,0.460000008,7.949999809,91.58999634,NA,59.6,NA,47.59625451,84.7,72.77185059,87.97827148,50.26245476,0.101104596,102.2188568,23.33333333,9.420000076,3,11,3.93,7.640000153,90.58000183
Italy,ITA,Europe & Central Asia,4.98,2.638200045,49814,13.8,2.380000114,13.02000046,84.59999847,24,41,73.19999695,42.69250997,85.4,97.94228363,99.67472076,51.34435964,0.1,97.3895874,35.71428571,17.06999969,7,11,11.1,13.3999995,82.93000031
Jamaica,JAM,Latin America & Caribbean,49.8802,5.755290031,705753,4.2,8.220000267,5.71999979,86.05999756,41.97058824,60.28,75.91955584,45.89761641,76.118,93.89594269,98.78559113,50.35337589,0.3,76.53043365,17.46031746,33.09000015,2,3,9.94,30.60000062,66.91000366
Jordan,JOR,Middle East & North Africa,25.8058,29.62751007,133650,23.3,0.75,12.97000027,86.26999664,22.6,14.59,47.72999954,18.29729884,76.306,72.77185059,87.97827148,49.38261363,0.1,81.53488159,15.38461538,2.299999952,8,13,23.81,1.579999972,97.69999695
Japan,JPN,East Asia & Pacific,3.5488,8.193099976,3203703,7.5,2.950000048,13.89999962,83.15000153,NA,53.56,72.58000183,44.25557238,87.45,94.17939758,98.71144867,51.16651112,0.1,98.52411652,10.10752688,8.390000343,8,11.15,2.23,7.699999809,91.61000061
Kazakhstan,KAZ,Europe & Central Asia,28.978,2.139679909,513874,0.2,13.25,11.82999992,74.91999817,30.5,62.75,72.68085298,48.04668344,77.3,97.94228363,99.67472076,51.48754047,0.1,106.9596329,27.10280374,22.38999939,4,5,5.32,21.31999955,77.61000061
Kenya,KEN,Sub-Saharan Africa,73.01,37.68870926,19807892,22.4,59.34000015,1.620000005,39.04000092,55.95,72.01,NA,49.25690528,69.049,58.8786087,73.63633728,50.31308556,2.3,68.23358154,21.7765043,57.22999954,7,23,2.76,57.13000107,42.77000046
Kyrgyz Republic,KGZ,Europe & Central Asia,32.1198,2.527329922,513874,1.4,18.80999947,14.86999989,66.31999969,45,44.09,72.68085298,38.46977953,75.8,97.94228363,99.67472076,50.53030377,0.1,107.5146332,19.16666667,25.85000038,4,10,8.7,24.53000069,74.15000153
Cambodia,KHM,East Asia & Pacific,51.2638,8.193099976,92811,53.4,36.56999969,26.29000092,37.13999939,NA,76.91,NA,48.92461482,71.909,94.17939758,98.71144867,51.18828436,0.2,94.66481781,20,53.24000168,9,99,0.16,53.17000103,46.75999832
Kiribati,KIR,East Asia & Pacific,14.6322,8.193099976,3203703,34.9,22.06199784,20.43466903,57.4970551,NA,58.83829784,NA,43.34677843,72.342,94.17939758,98.71144867,50.83497721,NA,98.52411652,6.52173913,45.15214845,7,31,3.433555797,43.85652136,54.8478527
St. Kitts and Nevis,KNA,Latin America & Caribbean,61.17733016,5.755290031,705753,6.2,7.05149041,11.69852713,81.25180807,41.97058824,52.53513418,75.91955584,41.98765796,78.76034912,93.89594269,98.78559113,50.80860219,NA,98.29325867,13.33333333,36.53234168,7,18.5,9.543110613,33.80452671,63.4685266
"Korea, Rep.",KOR,East Asia & Pacific,1.2618,4.943799973,3203703,14.6,4.829999924,12.81000042,82.36000061,NA,53.77,63.13000107,42.61249099,86.3,94.17939758,98.71144867,49.92816736,NA,105.4244385,16.66666667,22,3,8,3.58,18.57000065,78
Kuwait,KWT,Middle East & North Africa,7.5776,12.42323971,1534877,1.7,0.029999999,2.970000029,97,NA,49.78,NA,25.06919858,76.58,72.77185059,87.97827148,39.07753531,0.101104596,93.49935913,4.615384615,0.529999971,6,20,6.14,0.039999999,99.47000122
Lao PDR,LAO,East Asia & Pacific,64.468,27.75449944,35058,4.6,63.54000092,9.369999886,27.09000015,NA,76.49,NA,49.08004606,69.746,94.17939758,98.71144867,49.80054275,0.1,92.03929901,27.51677852,81.5,9,173,0.56,81.28000259,18.5
Lebanon,LBN,Middle East & North Africa,13.9476,12.42323971,1534877,42.3,9.489999771,12.93000031,77.58999634,9.9,23.11,51.63999939,24.45566965,80.869,72.77185059,87.97827148,49.68797538,0.1,91.0609436,4.6875,15.01000023,8,15,9.77,13.83999956,84.98999786
Liberia,LBR,Sub-Saharan Africa,135.1704,37.68870926,19807892,6.3,40.33000183,5.159999847,54.50999832,55.95,72,NA,47.52803444,65.497,58.8786087,73.63633728,49.74826699,0.7,68.23358154,12.32876712,91.58999634,5,18,2.17,90.71999836,8.409999847
Libya,LBY,Middle East & North Africa,5.6606,12.42323971,1534877,24.6,15.89000034,16.96999931,67.13999939,NA,34.01,NA,34.09199717,75.951,72.77185059,87.97827148,49.49992276,0.1,91.0609436,15.95744681,35.29000092,10,35,24.13,33.68000102,64.72000122
St. Lucia,LCA,Latin America & Caribbean,39.2224,10.43045998,705753,17,2.890000105,6.340000153,90.76999664,41.97058824,68.77,80.84999847,48.4674754,77.58,93.89594269,98.78559113,50.75302935,NA,95.80357361,16.66666667,21.59000015,5,11,17.18,18.84999907,78.41000366
Liechtenstein,LIE,Europe & Central Asia,16.18400554,2.139679909,513874,2.2,6.861719945,13.2434062,79.89597166,37.8,50.57350475,72.68085298,45.297962,85.5,97.94228363,99.67472076,51.51342425,NA,95.4545517,12,13.9490668,10,46,6.77215351,12.03216161,86.05187916
Sri Lanka,LKA,South Asia,20.4548,15.38963985,7920938,8.7,27.62999916,25.87000084,46.5,NA,33.55,30.56999969,33.74561614,80.261,91.58087158,99.21246338,52.00927286,0.1,98.99243927,5.333333333,41.09000015,7,8,6.87,40.1600008,58.90999985
Lesotho,LSO,Sub-Saharan Africa,92.43,37.68870926,19807892,6.1,39.83000183,11.80000019,48.36999893,55.95,60.38,NA,45.39074846,57.58,58.8786087,73.63633728,50.69118374,9.6,68.23358154,23.33333333,55.99000168,6,15,28.13,55.59000111,44.00999832
Lithuania,LTU,Europe & Central Asia,9.5512,2.139679909,513874,0.5,4.150000095,16.54999924,79.30000305,43.1,57.26,81.20999908,50.48135043,81,97.94228363,99.67472076,53.74464919,NA,104.3140793,21.27659574,8.539999962,4,5.5,5.5,7.230000257,91.45999908
Luxembourg,LUX,Europe & Central Asia,4.4806,3.607259989,513874,1.6,0.430000007,4.329999924,95.25,37.8,54.62,77.18000031,45.20680053,84.7,97.94228363,99.67472076,49.47298329,NA,84.61791229,25,7.699999809,5,16.5,5.53,5.75,92.30000305
Latvia,LVA,Europe & Central Asia,15.4318,1.469779968,472,1.5,4.349999905,11.92000008,83.73000336,46.6,55.79,84.11000061,50.0132652,79.9,97.94228363,99.67472076,53.95554716,NA,98.63890076,30,9.890000343,4,5.5,5.43,7.070000142,90.12000275
"Macao SAR, China",MAC,East Asia & Pacific,2.2262,1.419739962,245,15.76551724,0.109999999,2.299999952,97.58999634,NA,64.15,NA,48.2534603,87.179,94.17939758,98.71144867,51.95441926,NA,104.8668518,20.50381494,3.599999905,6.233448276,22.89103448,1.29,2.149999976,96.40000153
St. Martin (French part),MAF,Latin America & Caribbean,61.17733016,5.755290031,705753,30.56060606,7.05149041,11.69852713,81.25180807,41.97058824,52.53513418,75.91955584,41.98765796,83.2,93.89594269,98.78559113,50.80860219,NA,98.29325867,31.66977612,36.53234168,8.043636364,28.0919697,9.543110613,33.80452671,63.4685266
Morocco,MAR,Middle East & North Africa,30.328,11.38187027,1534877,3.6,52.11999893,13.30000019,34.58000183,16.1,21.59,NA,24.28025749,77.895,72.77185059,87.97827148,50.39159058,0.1,97.70501709,20.50632911,57.11000061,4,9,10.47,56.29000092,42.88999939
Monaco,MCO,Europe & Central Asia,16.18400554,2.139679909,513874,3.312,6.861719945,13.2434062,79.89597166,37.8,50.57350475,72.68085298,45.297962,81.22851322,97.94228363,99.67472076,51.51342425,NA,98.70014191,33.33333333,13.9490668,5.26,11.762,6.77215351,12.03216161,86.05187916
Moldova,MDA,Europe & Central Asia,21.9454,2.139679909,513874,4,16.93000031,14.98999977,68.08000183,39.9,38.22,59.81999969,48.55876809,76.157,97.94228363,99.67472076,52.0721161,0.1,99.50668335,25.74257426,26.18000031,3,4,4.35,25.99999905,73.81999969
Madagascar,MDG,Sub-Saharan Africa,105.8848,28.99432945,19807892,30.2,59.93999863,8.930000305,31.12999916,55.95,83.23,NA,48.93001352,68.682,58.8786087,73.63633728,50.11763002,0.1,65.77728271,15.89403974,89.62000275,5,8,1.7,87.19000244,10.38000011
Maldives,MDV,South Asia,7.0176,14.79679012,174,4.1,1.850000024,22.79000092,75.36000061,NA,41.61,30.56999969,20.1546899,80.779,64.64469147,88.12921906,36.70485557,NA,93.09570313,4.597701149,34.83000183,6,12,5.22,33.40000081,65.16999817
Mexico,MEX,Latin America & Caribbean,58.5434,6.444469929,705753,15.2,3.609999895,17.05999947,79.33000183,41.97058824,45.58,70.68000031,38.48873994,77.879,93.89594269,98.78559113,51.08513875,0.1,103.2503433,48.2,32.79999924,7.83,8.415,3.52,30.29000044,67.19999695
Marshall Islands,MHL,East Asia & Pacific,20.63766918,23.05151939,1189,12.9,22.06199784,20.43466903,57.4970551,NA,58.83829784,NA,43.34677843,78.88453583,94.17939758,98.71144867,49.32095673,NA,77.01452637,6.060606061,45.15214845,5,17,3.433555797,43.85652136,54.8478527
North Macedonia,MKD,Europe & Central Asia,14.601,2.139679909,513874,3.1,13.01000023,26.19000053,60.79999924,29.3,44.92,81.66000366,40.72343089,77.846,97.94228363,99.67472076,49.97235365,NA,98.70014191,39.16666667,17.27000046,6,15,18.39,14.70000029,82.73000336
Mali,MLI,Sub-Saharan Africa,164.6066,37.68870926,19807892,55.1,62.58000183,5.269999981,32.15999985,55.95,57.84,NA,42.23187193,60.085,58.8786087,73.63633728,49.92102207,0.6,68.23358154,9.523809524,87.05000305,5,11,8.2,86.94000244,12.94999981
Malta,MLT,Middle East & North Africa,12.1142,12.42323971,1534877,6.7,0.449999988,8.770000458,90.77999878,46,48.37,80.54000092,41.90346594,84.7,72.77185059,87.97827148,49.86500203,0.101104596,107.8021393,14.92537313,9.819999695,5,20.5,3.61,7.189999938,90.18000031
Myanmar,MMR,East Asia & Pacific,27.9042,8.193099976,3203703,13.3,42.43999863,16.95999908,40.59999847,NA,46.23,53.24000168,40.22126098,70.119,86.26860809,95.55290222,51.80967224,NA,98.52411652,11.31639723,64.87000275,6,7,0.59,63.73999786,35.13000107
Montenegro,MNE,Europe & Central Asia,8.249,7.279900074,513874,1.2,6.610000134,7.829999924,85.55999756,24,47.8,81.51000214,44.0378819,79.303,97.94228363,99.67472076,50.55542463,0.1,97.38095093,28.39506173,13.21000004,8,12,15.69,8.569999933,86.79000092
Mongolia,MNG,East Asia & Pacific,31.8838,7.29820013,3203703,1.2,23.35000038,14.43000031,62.22000122,43.7,55.33,62.86000061,45.06901227,74.142,94.17939758,98.71144867,50.70232044,0.1,106.212677,17.33333333,45.59000015,8,12,4.75,44.63999987,54.40999985
Northern Mariana Islands,MNP,East Asia & Pacific,20.63766918,8.193099976,3203703,15.76551724,22.06199784,20.43466903,57.4970551,NA,58.83829784,NA,43.34677843,78.88453583,94.17939758,98.71144867,49.32095673,NA,98.52411652,20.50381494,45.15214845,6.233448276,22.89103448,3.433555797,43.85652136,54.8478527
Mozambique,MOZ,Sub-Saharan Africa,143.8756,37.68870926,110861,106.9,79.77999878,3.220000029,17,55.95,77.44,NA,52.25936134,63.671,58.8786087,73.63633728,51.43966897,6.5,51.2865715,41.2,93.16000366,10,17,3.5,91.65999985,6.840000153
Mauritania,MRT,Sub-Saharan Africa,68.207,25.47204971,70645,15.8,21.94000053,17.43000031,60.63000107,55.95,28.1,NA,31.091029,66.515,58.8786087,73.63633728,49.80126822,0.1,80.36560059,20.26143791,76.47000122,4,6,11.52,75.67000198,23.53000069
Mauritius,MUS,Sub-Saharan Africa,24.8222,3.759310007,19807892,0.8,3.930000067,15.13000011,80.94000244,55.95,45.04,73.05999756,39.64761198,77.56,58.8786087,73.63633728,50.61937354,0.3,100.9483719,20,13.53999996,4,4.5,9.42,12.10000038,86.45999908
Malawi,MWI,Sub-Saharan Africa,131.5186,18.13865089,19807892,32.6,82,2.859999895,15.13000011,55.95,72.53,NA,48.94376291,67.413,58.8786087,73.63633728,50.69299608,3.9,85.02787018,22.91666667,68.91999817,7,37,6.48,68.12999821,31.07999992
Malaysia,MYS,East Asia & Pacific,13.5196,10.41541958,17732,11.1,5.889999866,20.04999924,74.05999756,NA,51.33,NA,38.55332673,78.317,93.64668274,96.97590637,48.59695631,0.1,101.9020767,14.41441441,28.76000023,9,18,3.64,27.09999943,71.23999786
Namibia,NAM,Sub-Saharan Africa,59.637,37.68870926,19807892,8.9,20.10000038,7.889999866,72.01000214,55.95,55.77,NA,49.24811145,66.516,58.8786087,73.63633728,51.53937184,5.3,68.23358154,42.70833333,43.45000076,10,54,18.53,38.57000113,56.54999924
New Caledonia,NCL,East Asia & Pacific,14.0804,8.193099976,3203703,15.76551724,0.850000024,7.46999979,91.68000031,NA,57.76,NA,45.63489378,80.4,94.17939758,98.71144867,49.70027267,NA,98.52411652,20.50381494,12.96000004,6.233448276,22.89103448,16.71,10.91999954,87.04000092
Niger,NER,Sub-Saharan Africa,180.4888,37.68870926,886775,7.9,69.47000122,9.350000381,21.18000031,55.95,60.8,NA,42.45016558,63.621,58.8786087,73.63633728,49.74646213,0.1,57.30694962,16.95906433,98.23000336,4,10,0.37,97.97999954,1.769999981
Nigeria,NGA,Sub-Saharan Africa,103.564,37.68870926,19807892,26.1,23.56999969,12.86999989,63.56999969,55.95,48.52,75.77999878,43.134099,55.619,58.8786087,73.63633728,49.32820049,0.6,68.23358154,3.38028169,85.37000275,7,7.23,7.45,85.21000385,14.63000011
Nicaragua,NIC,Latin America & Caribbean,81.6196,5.755290031,705753,65.7,8.229999542,12.28999996,79.48000336,41.97058824,49.74,75.91955584,38.48822256,77.982,93.89594269,98.78559113,50.71449818,0.1,98.29325867,44.56521739,48.36999893,7,14,5.16,45.31000137,51.63000107
Netherlands,NLD,Europe & Central Asia,3.6176,2.27173996,513874,4,1.379999995,6.260000229,92.36000061,37.8,59,79.88999939,46.3616219,83.6,97.94228363,99.67472076,50.19726418,0.1,98.70014191,31.33333333,13.14999962,4,3.5,3.36,10.98000032,86.84999847
Norway,NOR,Europe & Central Asia,5.0686,2.139679909,513874,0.8,1.039999962,6.869999886,92.08999634,37.8,60.59,82.98999786,46.96891149,84.7,97.94228363,99.67472076,49.49092363,NA,100.2930374,40.82840237,4.150000095,4,4,3.39,3.320000082,95.84999847
Nepal,NPL,South Asia,63.677,1.278650045,7920938,20.2,74.08000183,8.619999886,17.29999924,NA,81.52,30.56999969,55.77130342,72.208,64.64469147,88.12921906,54.39517993,0.1,123.2130203,32.72727273,87.88999939,8,22.5,2.73,87.47000122,12.10999966
Nauru,NRU,East Asia & Pacific,20.63766918,3.504669905,3203703,15.76551724,22.06199784,20.43466903,57.4970551,NA,58.83829784,NA,43.34677843,78.88453583,94.17939758,98.71144867,49.32095673,NA,107.627121,10.52631579,45.15214845,6.233448276,22.89103448,3.433555797,43.85652136,54.8478527
New Zealand,NZL,East Asia & Pacific,17.9392,0.02619,3203703,0.2,3.720000029,8.93999958,87.33999634,NA,64.88,NA,47.89140353,83.5,94.17939758,98.71144867,50.8439991,0.1,98.52411652,40.83333333,14.63000011,1,0.5,4.38,10.33999997,85.37000275
Oman,OMN,Middle East & North Africa,12.3368,12.42323971,1534877,3.1,0.300000012,4.099999905,95.59999847,NA,35.97,NA,15.41496947,80.343,72.77185059,87.97827148,33.98083856,0.101104596,105.5587311,2.325581395,4.440000057,5,5,7.37,3.799999893,95.55999756
Pakistan,PAK,South Asia,37.6192,15.38963985,7920938,6.7,65.18000031,16.81999969,18.01000023,NA,21.67,30.56999969,20.12248489,68.287,46.49003983,65.18557739,48.53858293,0.1,67.6683197,20.23460411,70.26999664,5,16.5,4.32,70.16999817,29.72999954
Panama,PAN,Latin America & Caribbean,80.2492,5.755290031,705753,5.8,8.25,9.5,82.26000214,41.97058824,54.86,80.27999878,40.99632696,81.756,95.35887909,98.85900879,49.92431307,0.1,98.29325867,21.12676056,36.72999954,5,6,5.82,34.72000027,63.27000046
Peru,PER,Latin America & Caribbean,55.0216,5.755290031,705753,9.4,26.34000015,8.279999733,65.38999939,41.97058824,70.58,79.81999969,45.80471579,79.507,93.89594269,98.78559113,50.32909406,0.1,95.95271301,30,61.31999969,8,26,3.28,58.68000031,38.68999863
Philippines,PHL,East Asia & Pacific,55.3644,7.261250019,221332,23.3,13.60999966,9.699999809,76.69000244,NA,47.05,NA,39.35710411,75.505,96.85243225,98.89290619,49.76158985,0.1,105.0517731,27.96052632,39.56999969,13,33,2.53,37.40999985,60.43000031
Palau,PLW,East Asia & Pacific,20.63766918,8.193099976,3203703,2.2,22.06199784,20.43466903,57.4970551,NA,58.83829784,NA,43.34677843,78.88453583,94.17939758,98.71144867,49.32095673,NA,98.52411652,12.5,45.15214845,8,28,3.433555797,43.85652136,54.8478527
Papua New Guinea,PNG,East Asia & Pacific,51.309,8.193099976,3203703,18.6,60.13999939,5.119999886,34.75,NA,46.42,NA,48.67642887,65.82,94.17939758,98.71144867,48.95225327,0.3,98.52411652,0,84.91000366,6,41,1.29,84.01000214,15.09000015
Poland,POL,Europe & Central Asia,9.8004,4.327340126,11002,11.6,8.079999924,17.48999977,74.43000031,37,48.6,77.58000183,44.45802314,81.8,97.94228363,99.67472076,51.53966962,NA,94.45915985,28.69565217,15.68999958,5,37,3.6,12.98999977,84.30999756
Puerto Rico,PRI,Latin America & Caribbean,27.5156,5.755290031,705753,1.2,0.310000002,7.869999886,91.81999969,41.97058824,32.54,75.91955584,43.60396129,83.498,93.89594269,98.78559113,52.5477568,NA,98.29325867,31.66977612,9.340000153,6,5.5,6.02,6.02000016,90.66000366
"Korea, Dem. People's Rep.",PRK,East Asia & Pacific,0.289,8.193099976,3203703,15.76551724,47.15000153,8.329999924,44.52000046,NA,73.55,NA,47.08350566,75.744,94.17939758,98.71144867,51.0921658,NA,98.52411652,17.61280932,87.16999817,6.233448276,22.89103448,2.23,85.75999832,12.82999992
Portugal,PRT,Europe & Central Asia,7.6224,2.139679909,513874,1.9,3.619999886,15.01000023,81.37000275,37.8,54.72,83.09999847,49.21950115,83.5,97.94228363,99.67472076,52.70301378,0.1,99.15592194,38.69565217,12.84000015,6,6.5,7.15,9.680000454,87.16000366
Paraguay,PRY,Latin America & Caribbean,69.8608,5.755290031,705753,52.2,12.81000042,8.68999958,78.5,41.97058824,59.98,75.91955584,40.68519312,76.396,92.6553421,98.68419647,49.16860892,0.1,98.29325867,15,43.02000046,7,35,8.34,39.69000053,56.97999954
West Bank and Gaza,PSE,Middle East & North Africa,50.9996,0.562669992,8523,40.3,6.679999828,7.71999979,85.59999847,6,18.18,64.30999756,20.28599441,75.755,95.91488647,99.29688263,49.28456172,0.101104596,96.77159882,16.36363636,22.71999931,11,44,41.14,20,77.27999878
French Polynesia,PYF,East Asia & Pacific,38.286,8.193099976,3203703,15.76551724,3.789999962,5.489999771,90.72000122,NA,47.55,NA,43.40431699,79.898,94.17939758,98.71144867,49.33777324,NA,98.52411652,20.50381494,8.970000267,6.233448276,22.89103448,13.91,8.069999903,91.04000092
Qatar,QAT,Middle East & North Africa,9.2572,9.060319901,258,6.3,0.01,6.159999847,93.83000183,NA,56.64,NA,13.61126829,82.01,72.77185059,87.97827148,24.66569518,0.1,93.65133667,9.756097561,0.579999983,9,9.5,0.42,0.089999998,99.41999817
Romania,ROU,Europe & Central Asia,34.859,11.50417995,66026,0.3,21.01000023,20.92000008,58.06999969,32.4,45.6,81.51000214,42.90343968,79.3,97.94228363,99.67472076,51.36327408,0.1,84.95954895,21.88449848,22.54999924,6,20,3.38,21.92999935,77.44999695
Russian Federation,RUS,Europe & Central Asia,18.5402,2.139679909,513874,1,4.010000229,15.44999981,80.54000092,34,54.58,61.52999878,48.6028736,78.17,97.94228363,99.67472076,53.65606867,NA,104.7473526,15.77777778,6.690000057,4,10.1,4.42,5.630000204,93.30999756
Rwanda,RWA,Sub-Saharan Africa,38.59,2.001410007,59284,0,70.98000336,2.74000001,26.28000069,26.5,83.89,65.55999756,51.716065,71.132,58.8786087,73.63633728,50.85042787,1.2,104.1285095,61.25,76.33000183,5,4,1.02,76.28000259,23.68000031
Saudi Arabia,SAU,Middle East & North Africa,6.87,12.42323971,1534877,5.4,0.330000013,2.109999895,97.55999756,NA,22.09,NA,15.80625933,76.759,72.77185059,87.97827148,42.26909477,0.1,95.95326996,19.86754967,1.330000043,4,11,22.97,1.110000033,98.66999817
Sudan,SDN,Sub-Saharan Africa,57.599,37.68870926,19807892,17.8,51.83000183,4.690000057,43.47999954,55.95,29.36,NA,30.57563825,67.187,58.8786087,73.63633728,50.04359049,0.1,68.23358154,24.07811603,63.49000168,10,35,28.82,61.8599987,36.52000046
Senegal,SEN,Sub-Saharan Africa,68.707,37.68870926,274164,22.6,24.75,5.420000076,69.83999634,55.95,35.12,NA,40.51047102,69.918,58.8786087,73.63633728,51.2379941,0.1,67.19380188,41.81818182,70.23999786,4,6,7.02,69.78999901,29.76000023
Singapore,SGP,East Asia & Pacific,3.4968,0.191479996,3203703,0.4,0.01,10.97999954,89.01000214,NA,61.91,NA,41.7306806,85.7,96.134758,99.94290161,47.65598794,0.1,97.81577301,23,8.680000305,2,1.5,3.16,6.150000155,91.31999969
Solomon Islands,SLB,East Asia & Pacific,78.8202,8.193099976,2052,27.4,37.61999893,5.5,56.88999939,NA,82.11,NA,48.61574611,74.866,94.17939758,98.71144867,49.15328125,NA,88.33862305,4.081632653,72.43000031,7,9,0.62,72.09000015,27.56999969
Sierra Leone,SLE,Sub-Saharan Africa,107.6284,37.68870926,19807892,7.6,51.47000122,1.529999971,47.00999832,55.95,57.53,NA,49.92618641,55.495,58.8786087,73.63633728,50.10563524,1.3,83.71469116,12.32876712,95.97000122,5,8,3.58,92.94999886,4.03000021
El Salvador,SLV,Latin America & Caribbean,67.7682,21.48596954,51633,43.3,3.440000057,17.67000008,78.90000153,41.97058824,45.37,80.05000305,41.98802551,77.842,87.31858826,98.68683624,53.15209458,0.1,98.29325867,30.95238095,47.36000061,9,16.5,3.7,43.44999886,52.63999939
San Marino,SMR,Europe & Central Asia,16.18400554,15.87901974,513874,8.8,6.861719945,13.2434062,79.89597166,37.8,50.57350475,89.30000305,45.297962,81.22851322,97.94228363,99.67472076,51.51342425,NA,114.9068298,25,13.9490668,7,11.5,6.77215351,12.03216161,86.05187916
Somalia,SOM,Sub-Saharan Africa,95.2054,37.68870926,19807892,198.2,83.88999939,0.790000021,15.31999969,55.95,22.21,NA,23.51598387,59.132,58.8786087,73.63633728,50.13764896,0.1,68.23358154,24.36363636,96.91000366,9,70,13.18,96.45999908,3.089999914
Serbia,SRB,Europe & Central Asia,13.5828,2.171200037,2481,2.3,13.27000046,18.95999908,67.77999878,28.5,47.92,72.33000183,44.68464765,78.4,99.11560822,99.99942017,51.01080364,0.1,98.42725372,37.65182186,23.47999954,7,7,11.08,21.22999954,76.51999664
South Sudan,SSD,Sub-Saharan Africa,56.8264,37.68870926,19807892,77.4,73.16000366,8.680000305,18.15999985,55.95,70.93,NA,49.42174661,59.383,58.8786087,73.63633728,49.95052483,1.2,68.23358154,28.45953003,95.62000275,12,13,13.16,95.09000206,4.380000114
Sao Tome and Principe,STP,Sub-Saharan Africa,92.0652,37.68870926,19807892,12.4,8.56000042,3.25,88.19000244,55.95,41.64,NA,36.27231366,72.814,58.8786087,73.63633728,49.95954392,0.1,68.23358154,14.54545455,56.91999817,6,7,20.51,56.44000006,43.08000183
Suriname,SUR,Latin America & Caribbean,59.6242,5.755290031,3206,93.5,4.519999981,7.539999962,87.93000031,41.97058824,39.44,75.91955584,38.40241997,75.063,93.89594269,98.78559113,49.72934294,0.2,93.6530304,31.37254902,10.68999958,8,66,11.33,10.12000012,89.30999756
Slovak Republic,SVK,Europe & Central Asia,26.1864,4.76225996,3705,1,1.340000033,20.26000023,78.40000153,28.9,52.35,71.36000061,45.42571661,80.8,97.94228363,99.67472076,51.31927509,NA,94.34963989,20,9.909999847,7,21.5,5.96,8.179999925,90.08999634
Slovenia,SVN,Europe & Central Asia,3.5288,0.680100024,513874,0,3.480000019,20.51000023,76.01000214,34.1,53.3,80.91000366,46.4365437,84.2,97.94228363,99.67472076,50.2233657,0.1,99.00180817,27.77777778,9.729999542,3,8,4.95,7.800000191,90.26999664
Sweden,SWE,Europe & Central Asia,5.1692,2.139679909,513874,0.5,0.699999988,7.139999866,92.16000366,37.8,61.19,82.88999939,47.67822963,84.7,97.94228363,99.67472076,49.92625337,NA,104.6658707,47.27793696,5.679999828,4,7.5,6.96,4.170000106,94.33000183
Eswatini,SWZ,Sub-Saharan Africa,74.0158,37.68870926,16301,10.7,10.10000038,22.17000008,67.73000336,55.95,48.61,NA,48.01512136,64.845,58.8786087,73.63633728,50.98215973,13,91.19629669,7.246376812,41.18000031,12,21.5,23.97,39.57000065,58.81999969
Sint Maarten (Dutch part),SXM,Latin America & Caribbean,61.17733016,5.755290031,705753,30.56060606,7.05149041,11.69852713,81.25180807,41.97058824,52.53513418,75.91955584,41.98765796,78.76034912,93.89594269,98.78559113,50.80860219,NA,98.29325867,31.66977612,36.53234168,8.043636364,28.0919697,9.543110613,33.80452671,63.4685266
Seychelles,SYC,Sub-Saharan Africa,60.3988,6.551239967,19807892,12.5,52.68134438,7.636499475,39.68511229,55.95,61.29248435,82.19000244,46.23354733,78.4,58.8786087,73.63633728,48.67353516,1.785360647,103.1420822,21.21212121,81.16187145,9,32,6.437824246,80.03118065,18.8387617
Syrian Arab Republic,SYR,Middle East & North Africa,37.3104,12.42323971,1534877,8.1,6.849999905,8.270000458,84.87999725,NA,14.72,NA,16.67396627,78.103,72.77185059,87.97827148,49.88585911,0.1,91.0609436,13.2,7.610000134,8,16,20.37,7.28000021,92.40000153
Turks and Caicos Islands,TCA,Latin America & Caribbean,61.17733016,5.755290031,705753,30.56060606,7.05149041,11.69852713,81.25180807,41.97058824,52.53513418,75.91955584,41.98765796,78.76034912,93.89594269,98.78559113,50.80860219,NA,98.29325867,31.66977612,36.53234168,8.043636364,28.0919697,9.543110613,33.80452671,63.4685266
Chad,TCD,Sub-Saharan Africa,154.7388,69.53501129,483664,169.3,73.38999939,0.540000021,26.06999969,55.95,64,NA,45.64362216,55.669,58.8786087,73.63633728,50.0810127,0.6,68.23358154,14.88095238,98.94999695,8,58,1.85,98.77000046,1.049999952
Togo,TGO,Sub-Saharan Africa,88.2846,37.68870926,25663,8.1,26.87000084,17.78000069,55.36000061,55.95,56.25,NA,48.33554229,61.918,55.05149841,84.00565338,50.2540533,1,85.18628693,16.48351648,88.62999725,3,2.5,2.67,87.5,11.36999989
Thailand,THA,East Asia & Pacific,44.4696,8.193099976,3203703,3,28.27000046,19.76000023,51.97000122,NA,58.79,82.13999939,45.68256795,80.9,94.17939758,98.71144867,51.30403867,0.2,94.42916107,16.2,50.25999832,5,6,0.73,48.84000015,49.74000168
Tajikistan,TJK,Europe & Central Asia,57.8652,2.139679909,513874,17.5,60.04999924,7.369999886,32.58000183,22.7,29.18,72.68085298,36.90002655,73.389,97.94228363,99.67472076,49.59831126,0.1,98.70014191,19.04761905,31.98999977,3,7,5.17,31.98999977,68.01999664
Turkmenistan,TKM,Europe & Central Asia,24.0468,2.139679909,513874,3.312,18.68000031,36.34999847,44.97000122,37.8,44.39,72.68085298,39.44071149,71.717,97.94228363,99.67472076,50.76335043,NA,98.70014191,25,35.33000183,5.26,11.762,2.04,33.06999922,64.66999817
Timor-Leste,TLS,East Asia & Pacific,30.943,8.57254982,2729,0.7,39.16999817,7.570000172,53.25999832,NA,61.89,NA,45.66377616,71.635,94.17939758,98.71144867,49.46277221,0.1,109.2082672,38.46153846,80.11000061,6,13,6.03,79.15000153,19.88999939
Tonga,TON,East Asia & Pacific,13.9984,1.220810056,3203703,6,1.519999981,45,53.47999954,NA,38.09,NA,41.45881169,72.887,94.17939758,98.71144867,49.9641138,NA,98.52411652,7.407407407,49.22000122,4,16,3.65,48.7300005,50.77999878
Trinidad and Tobago,TTO,Latin America & Caribbean,28.5776,5.755290031,705753,0.7,1.340000033,12.36999989,86.29000092,41.97058824,50.09,75.91955584,42.44210382,76.224,93.89594269,98.78559113,50.60951175,0.1,98.29325867,30.95238095,16.59000015,7,10.5,3.48,13.62000012,83.41000366
Tunisia,TUN,Middle East & North Africa,7.859,12.42323971,1534877,2.9,8.960000038,32.56999969,58.47000122,NA,24.89,NA,27.3629736,78.721,72.77185059,87.97827148,50.42224607,0.1,91.0609436,22.58064516,14.27000046,3,9,22.41,11.47000003,85.73000336
Turkey,TUR,Europe & Central Asia,24.5526,3.997050047,133381,6,25.04999924,15.85000038,59.09999847,11.3,34.27,71.33000183,33.27540632,80.563,94.42404175,99.84731293,50.64856412,NA,90.43994904,17.44966443,33.29000092,7,7,16.38,31.82999992,66.70999908
Tuvalu,TUV,East Asia & Pacific,20.63766918,30.02113914,170,15.76551724,22.06199784,20.43466903,57.4970551,NA,58.83829784,NA,43.34677843,78.88453583,94.17939758,98.71144867,49.32095673,NA,75.40984344,6.25,45.15214845,6.233448276,22.89103448,3.433555797,43.85652136,54.8478527
Tanzania,TZA,Sub-Saharan Africa,115.467,37.68870926,749689,40.6,66.70999908,3.079999924,30.21999931,55.95,79.69,NA,48.25019709,67.233,58.8786087,73.63633728,50.03811624,2.4,69.53923798,36.8956743,87.34999847,10,29.5,2.5,85.59999847,12.64999962
Uganda,UGA,Sub-Saharan Africa,113.3068,37.68870926,19807892,40.5,76.76999664,3.190000057,20.04000092,55.95,66.93,NA,49.47626445,65.622,58.8786087,73.63633728,50.74007354,2.9,68.23358154,34.8583878,83.18000031,13,24,2.21,79.79999924,16.81999969
Ukraine,UKR,Europe & Central Asia,22.2942,2.139679909,513874,0.5,11.40999985,13.98999977,74.59999847,38.6,46.87,62.45000076,47.29892445,76.98,97.94228363,99.67472076,53.67734607,0.1,98.70014191,20.51886792,12.39999962,6,6.5,7.85,11.83999966,87.59999847
Uruguay,URY,Latin America & Caribbean,57.7502,5.755290031,148,24.1,3.839999914,8.590000153,87.56999969,41.97058824,55.46,73.37000275,45.50168684,81.478,99.03526306,99.32463074,51.70367079,0.1,98.29325867,19.19191919,25.26000023,5,6.5,11.34,22.82000065,74.73999786
United States,USA,North America,17.2524,0.398620009,101961,1,0.75999999,8.869999886,90.37000275,0,56.76,69.37000275,46.16362679,81.4,NA,NA,50.51848721,0.1,103.3436279,23.43387471,5.079999924,6,4.2,3.61,3.470000096,94.91999817
Uzbekistan,UZB,Europe & Central Asia,24.6288,2.400170088,513874,2.2,23.79000092,14.28999996,61.93000031,25.9,48.84,72.68085298,40.12350902,73.829,99.99994659,99.99992371,50.12352754,0.1,105.4344788,16,34.09999847,3,3,5.49,34.09000111,65.90000153
St. Vincent and the Grenadines,VCT,Latin America & Caribbean,47.3596,0.038929999,705753,13.9,4.25,6.300000191,89.44000244,41.97058824,57.01,75.91955584,41.6440909,75.131,93.89594269,98.78559113,49.2761748,NA,102.2863998,13.04347826,21.88999939,7,10,16.58,18.00000012,78.11000061
"Venezuela, RB",VEN,Latin America & Caribbean,84.6214,5.755290031,705753,211.8,0.920000017,7.079999924,92,41.97058824,41.95,75.91955584,37.22027849,76.004,93.89594269,98.78559113,50.74585417,0.2,98.29325867,22.15568862,42.93000031,20,230,7.72,42.3900013,57.06999969
British Virgin Islands,VGB,Latin America & Caribbean,61.17733016,5.755290031,705753,30.56060606,7.05149041,11.69852713,81.25180807,41.97058824,52.53513418,75.91955584,41.98765796,78.76034912,93.89594269,98.78559113,50.80860219,NA,79.14438629,31.66977612,36.53234168,8.043636364,28.0919697,9.543110613,33.80452671,63.4685266
Virgin Islands (U.S.),VIR,Latin America & Caribbean,26.4094,5.755290031,705753,30.56060606,0.50999999,7.03000021,92.45999908,41.97058824,55.61,75.91955584,49.14504318,83.1,93.89594269,98.78559113,52.47229367,NA,98.29325867,31.66977612,6.630000114,8.043636364,28.0919697,8.74,3.290000021,93.37000275
Vietnam,VNM,East Asia & Pacific,27.3746,8.193099976,3203703,5.6,38.29999924,23.28000069,38.41999817,NA,72.73,87.73000336,47.86879036,79.523,94.56565857,98.53766632,50.08262519,0.1,98.52411652,26.72064777,58.90000153,8,16,2.01,57.76000023,41.09999847
Vanuatu,VUT,East Asia & Pacific,48.3794,8.193099976,1096,42.5,56.79000092,12.53999996,30.67000008,NA,60.97,NA,43.57236248,72.154,94.17939758,98.71144867,49.30072495,NA,89.51856995,0,70.93000031,7,18,1.42,70.65999794,29.06999969
Samoa,WSM,East Asia & Pacific,22.7044,8.193099976,3203703,6.9,6.639999866,37.22999954,56.13000107,NA,31.12,NA,34.40663404,75.464,94.17939758,98.71144867,48.24575201,NA,112.4234467,10,24.23999977,4,9,9.82,22.97000074,75.76999664
Kosovo,XKX,Europe & Central Asia,16.18400554,2.139679909,513874,1.4,6.861719945,13.2434062,79.89597166,7.3,50.57350475,71.94000244,45.297962,74.8,97.94228363,99.67472076,51.51342425,NA,98.70014191,29.45594431,13.9490668,3,4.5,6.77215351,12.03216161,86.05187916
"Yemen, Rep.",YEM,Middle East & North Africa,57.9728,12.42323971,1534877,40.2,42.27999878,13.07999992,44.63999939,NA,6.04,NA,7.881055744,67.826,72.77185059,87.97827148,49.61825904,0.1,91.0609436,0.332225914,61.56999969,7,41,25.25,60.65000153,38.43000031
South Africa,ZAF,Sub-Saharan Africa,67.7896,9.923049927,379344,0.2,3.789999962,11.98999977,84.23000336,55.95,49.59,79.12000275,45.30855772,67.679,94.53317261,98.82956696,50.71694659,10.8,93.23648071,46.34760705,13.31000042,7,40,30.5,10.58999979,86.69000244
Zambia,ZMB,Sub-Saharan Africa,116.4976,37.68870926,19807892,34,54.65999985,4.300000191,41.04000092,41.5,70.4,NA,48.42099138,66.891,58.8786087,73.63633728,50.48879029,6.2,68.23358154,17.96407186,82.18000031,7,8.5,13.09,81.97000122,17.81999969
Zimbabwe,ZWE,Sub-Saharan Africa,80.3622,37.68870926,199509,76.6,69.48000336,1.929999948,28.59000015,55.95,78.12,31.70000076,50.91446843,62.899,58.8786087,73.63633728,52.317327,5.6,89.32037354,31.85185185,79.55999756,9,27,5.55,79.29999924,20.44000053
